id,comment,expected_theme
1,This is long overdue. Delivery workers get injured on the road with zero cover. Fully support.,Support for worker insurance
2,Good in principle but small restaurants will bear the cost and may shut down. Who pays for it?,Cost burden on businesses
3,support this riders deserve insurance,Support for worker insurance
4,The platforms will just cut worker pay to fund it. Net zero for the workers.,Impact on worker pay
5,Totally back this move our delivery boys have no safety net at all,Support for worker insurance
6,Please define gig worker clearly. Part timers and students may get excluded.,Definition of gig worker
7,Insurance is a basic right for anyone doing risky road work. Strongly in favour.,Support for worker insurance
8,This will raise delivery charges for customers. Think about the common man too.,Cost to customers
9,Who will actually enforce this? Rules exist on paper but nobody checks.,Enforcement concerns
10,Great step for worker welfare. Should have happened years ago.,Support for worker insurance
