"id","comment","org","substantive","expected_theme"
"1","BSA | The Software Alliance (BSA) appreciates the opportunity to provide comments to the Telecom Regulatory Authority of India (TRAI) on its Consultation Paper on Leveraging Artificial Intelligence and Big Data in Telecommunication Sector (Consultation Paper). 1","BSA","n",""
"2","BSA is the leading advocate for the global software industry before governments and in the international marketplace. Our members are at the forefront of software-enabled innovation that is fuelling global economic growth, including cloud computing and artificial intelligence (AI) products and services. 2 As leaders in AI development, BSA members have unique insights into both the tremendous potential that AI holds to address a variety of social challenges and the governmental policies that can best support the responsible use of AI and ensure continued innovation.","BSA","n",""
"3","We welcome TRAI’s recognition of the opportunities presented by the development and deployment of AI in the telecom sector. TRAI rightly acknowledges that AI can generate substantial economic growth and enable participants in the telecommunications sector to provide better and more responsive services. 3 Additionally, TRAI rightfully notes that AI plays an important role in providing advanced cybersecurity solutions that keep up with evolving threats. These benefits of AI should be allowed to prosper in the telecom sector – and in all sectors. In our submission, we provide principles","BSA","y","AI's economic and cybersecurity benefits should be enabled"
"4","1 Telecom Regulatory Authority of India, Consultation Paper on Leveraging Artificial Intelligence and Big Data in Telecommunication Sector, dated 05 August 2022, https://trai.gov.in/sites/default/files/CP_05082022.pdf. 2 BSA’s members include: Adobe, Alteryx, Altium, Amazon Web Services, Atlassian, Autodesk, Bentley Systems, Box, Cisco, CNC/Mastercam, CrowdStrike, Dassault, Databricks, DocuSign, Dropbox, Graphisoft, IBM, Informatica, Intel, Kyndryl, MathWorks, Microsoft, Nikon, Okta, Oracle, Prokon, PTC, Rockwell, Salesforce, SAP, ServiceNow, Shopify Inc., Siemens Industry Software Inc., Splunk, Trend Micro, Trimble Solutions Corporation, TriNet, Twilio, Unity Technologies, Inc., Workday, Zendesk, and Zoom Video Communications, Inc. 3 Telecom Regulatory Authority of India, Consultation Paper on Leveraging Artificial Intelligence and Big Data in Telecommunication Sector, dated 05 August 2022, https://trai.gov.in/sites/default/files/CP_05082022.pdf, page 2. for a flexible policy framework to facilitate the responsible uptake of AI in the telecommunications and other sectors. Our key recommendations are outlined below:","BSA","n",""
"5","Summary of BSA’s Recommendations 1. AI regulation should be risk-based and systematic. 2. Maintain strong data innovation policies. 3. Account for different roles and responsibilities of stakeholders. 4. Ensure global interoperability of regulations. 5. Promote competition and innovation in procurement. 6. Use tools and resources to mitigate the risk of bias; and 7. Coordinate with other regulatory bodies","BSA","y","Risk-based and context-specific AI regulation"
"6","Details of BSA’s Recommendations 1. AI regulations should be informed by existing law, and be risk-based and context- specific. BSA agrees with TRAI’s observations that there is a need to adopt mechanisms to address AI-related risks and promote responsible and trustworthy AI systems. 4 In this regard, we encourage TRAI to consider a systematic, risk-based regulatory approach. Such an approach would limit regulation to AI systems deployed in high-risk scenarios and where significant risks to individuals are likely to arise.","BSA","y","Risk-based and context-specific AI regulation"
"7","AI and machine learning are used for a vast array of purposes in telecommunications, including traffic engineering, device onboarding and configuration, mobility management, security analytics and threat detection, predictive maintenance, and so many more. Some of these uses are as different from each other in terms of their wider implications on users and customers as they would be from AI uses in entirely different sectors. These facts reinforce the need for context-specific approaches focused on the risks involved with particular use cases, as opposed to the broad set of uses associated with telecommunications.","BSA","y","Risk-based and context-specific AI regulation"
"8","To minimise regulatory duplication, TRAI should first evaluate the adequacy of the existing legal framework to determine whether new AI-specific regulations are needed. In evaluating the sufficiency of existing laws, policymakers should be guided by two considerations. First, to promote trust and confidence in AI, the public should be assured that the law will continue to afford the same level of protection irrespective of whether a decision is made by a person or an automated system. Second, to promote AI innovation and adoption, it is vital to ensure that there is sufficient clarity about how existing laws and regulations will apply to AI. Thus, we recommend that TRAI consider the need for specific AI regulations only in circumstances where there is a demonstrated gap in the existing framework, including sector-specific regulations.","BSA","y","Avoid duplicating existing law with new AI rules"
"9","As a general principle, the scope of any regulatory obligations should be a function of the degree of risk and the potential scope and severity of harm. Many AI systems and the manner in which they are deployed pose extremely low, or even no, risk to individuals or society, and imposing onerous regulations on the entities developing and/or deploying such systems would only unduly hamper","BSA","y","Risk-based and context-specific AI regulation"
"10","4 Telecom Regulatory Authority of India, Consultation Paper on Leveraging Artificial Intelligence and Big Data in Telecommunication Sector, dated 05 August 2022, https://trai.gov.in/sites/default/files/CP_05082022.pdf, page 82. innovation. Regulations should therefore focus on high-risk applications of AI, such as uses of AI that may have significant consequence on a person’s life (e.g., access to food, water or healthcare services or credit) or that pose a significant risk of physical harm. To this end, it will be important to carefully assess scenarios that should be deemed as high-risk and hence be subject to legal requirements.","BSA","y","Risk-based and context-specific AI regulation"
"11","The risks that AI poses and the appropriate mechanisms for mitigating those risks are largely context specific. Rather than regulating AI as a technology, regulatory activity should instead focus on particular applications of AI that may involve specific risks. Moreover, because the appropriate mechanisms for addressing risks will vary depending on the nature of the AI system and the setting in which it is being deployed, regulators should avoid prescriptive, one-size-fits-all technical requirements. Instead, BSA encourages regulatory approaches that provide incentives to adopt process-based accountability mechanisms, such as impact assessments, for particularly high- risk applications of AI.","BSA","y","Risk-based and context-specific AI regulation"
"12","AI systems are “trained” by ingesting enormous volumes of data. Their efficacy and benefits are therefore dependent on the quantity and quality of data that is available for training. As a result, policies affecting the ability to access and share data have a significant influence on the development of AI systems and the quality of their outputs. To promote innovation and adoption of AI, TRAI should consider: a) ensuring that data can move freely across borders; b) making non-sensitive government data assets freely available and usable for the general public; and c) promoting voluntary data sharing mechanisms. 7","BSA","y","Data access, cross-border flows and data sharing"
"13","The National Association of Software and Service Companies (NASSCOM) and the Data Security Council of India (DSCI) welcome the opportunity to submit our response to the Consultation Paper on “Leveraging Artificial Intelligence and Big Data in the Telecommunication Sector” (Paper) released by the Telecom Regulatory Authority of India (TRAI) in August 2022.i","NASSCOM-DSCI","n",""
"14","General comments First, the Paper covers considerable ground and has a wide scope, since it deals with the interplay of three concepts – Artificial Intelligence (AI), Big Data (BD), and the future of telecom networks – and their interplay all together. ii While the primary focus for the Paper was on AI & BD in telecomiii, it engages with many sector-agnostic aspects as well.iv We appreciate the effort to adopt a comprehensive approach. However, we do find that, at various places, it is not clear what is the context of a particular question from a telecom policy or regulatory perspective. For example, the first question asks on what the most appropriate definition of AI can be. It is unclear whether this was posed more to understand the state of the art or to frame a definition for a future telecom policy or regulatory initiative.","NASSCOM-DSCI","y","Consultation scope and question framing lack clarity"
"15","Second, several questions focus on examining how telecom and next-generation networks could enable the adoption of AI & BD across sectors. We submit that there are two separate issues: (1) the sector-specific adoption of AI & BD within telecom and next-generation networks (2) the sector-agnostic adoption of AI & BD across sectors, where telecom and next-generation networks are one of the many enablers. In both cases, firms and governments will require several enablers, capabilities, and resources, including network connectivity, data, and talent, to leverage AI & BD to their fullest. This is to be kept in mind when framing future policies or regulations: that we do not over-emphasise one enabler (here, networks) over others. This also points towards a need for a more cohesive and integrated approach to AI & BD policy and regulation going forward. We need multiple stakeholders to collaborate, so that such initiatives are not limited in scope by sector-specific or enabler-specific perspectives. We discuss this further in our responses to chapter 4 below.","NASSCOM-DSCI","y","Cohesive cross-sector AI policy coordination"
"16","In this section, we provide our responses to the issues for consultation. Since the Paper covers much ground, our approach has been to provide consolidated responses on the questions raised in each section of the Paper. The sections are arranged chapter-wise, except for chapter 5, the largest chapter, which we have sub-divided our responses as per its sub-sections. We have also underlined which parts of each of the questions our responses are focusing on.","NASSCOM-DSCI","n",""
"17","Q1. What may be the most appropriate definition of Artificial Intelligence (AI)? What are the broad requirements to develop and deploy AI models in a telecom sector? Whether any major challenges are faced by the telecom service providers in adopting AI? Please justify your response with rationale and global practices, if any.","NASSCOM-DSCI","n",""
"18","Q2. Whether the big data in the telecom sector may be utilised for developing AI models? For efficient and effective handling of big data, whether there is a need for adoption of special programming models or software frameworks? Please justify your response with suitable examples and global practices, if any.","NASSCOM-DSCI","n",""
"19","Q4. Do you think that a number of terminologies such as Trustworthy AI, Responsible AI, Explainable AI etc. have evolved to describe various aspects of AI but they overlap and do not have any standardised meanings? If yes, whether there is a need to define or harmonise these terms? Please justify your response with rationale and global practices, if any.","NASSCOM-DSCI","n",""
"20","The definition of artificial intelligence As the Paper notes as well, a universally accepted or applicable definition of AI does not exist. A major reason for this is that the term ‘AI’ does not refer to one single thing. It may be used to refer to the academic discipline or field of inter-disciplinary study, that draws from the cognitive, statistical, and computer sciences. AI can also be used to refer to models, namely, specific software programs that implement algorithms studied in different fields, such as computer vision or machine learning.v AI can also be used to refer to automated decision-making systems, which are technical systems used to aid or augment human decision-making, often using AI models.vi It may also be used in more general terms to refer to a wide variety of applications that are seen to enable machines to perform a task that is associated with human intelligence, such as reasoning or pattern recognition.vii","NASSCOM-DSCI","y","No single accepted definition of AI"
"21","We point this out to demonstrate the challenge with trying to arrive at an ‘appropriate’ definition of AI – that the ‘appropriateness’ of the definition depends on what precisely is being referred to and why the definition is required. The question in the paper does not provide any context to the use of the definition. If it is intended to be used to define regulation or a law, then we would suggest that, rather than trying to define AI, it is better to define the application or product that is sought to be addressed. This is because, in practice, AI systems are built, not as “general- purpose” systems, but as domain-specific systems designed for specific tasks, and are, therefore, not comparable.","NASSCOM-DSCI","y","No single accepted definition of AI"
"22","Page 2 of 18 for regulations to incentivise safe driving outcomes and penalise harms on account of unsafe driving behaviour and contextualise these motivations to different types of AI systems with varying capabilities.ix A general definition of AI for a legal instrument may also risk only serving a symbolic purpose – a criticism of the European Commission’s draft Artificial Intelligence Act, where the general definition of AI offers little in terms of clarity, and where the actual material scope of the draft law is defined by a list of specific applications contained in its Annexures.x","NASSCOM-DSCI","y","No single accepted definition of AI"
"23","Perhaps the lack of a precise, universally accepted definition of AI probably has helped the field to grow and advance.xi To elaborate, subtle differences in definition can have major impacts on some of the most important problems facing policymakers.xii For instance, automation and AI sound similar, but may have vastly different impacts on the future of work.xiii Similarly, there is a risk that traditional software which are quite different from AI, may end up getting covered within the scope of a broad definition of AI.xiv These can have unintended outcomes like, regulatory excess, overlap and/or ambiguity and unnecessary costs. Globally such risks are being recognised, and therefore, we must too.","NASSCOM-DSCI","y","No single accepted definition of AI"
"24","The difficulty with adopting a single definition of AI has also been acknowledged by multiple countries. The UNESCO, in its Recommendations on the Ethics of Artificial Intelligence (UNESCO Recommendations), adopted in 2021, did not try to adopt a single definition of AI, noting that such a definition would need to change over time with technological change.xv It instead focused on identifying three features of AI systems that, as per the recommendations, are of central ethical relevance. These are that: (1) AI systems are designed to operate with varying degrees of autonomy and across domains (2) ethical questions arise across all stages of the AI system life cycle and (3) AI systems can raise a wide range of ethical issues.xvi","NASSCOM-DSCI","y","No single accepted definition of AI"
"25","Q.1. What may be the most appropriate definition of Artificial Intelligence (AI)? What are the broad requirements to develop and deploy AI models in a telecom sector? Whether any major challenges are faced by the telecom service providers in adopting AI? Please justify your response with rationale and global practices, if any.","Broadband India Forum","n",""
"26","Over the years, there have been numerous attempts to define AI precisely. However, till date, there is no globally accepted definition of AI. Governments, regulatory agencies, international agencies, and other forums have adopted varying definitions depending on the context before them. According to John McCarthy, the father of AI, who coined the term in 1956, defines it as ""the science and engineering of making intelligent machines.""","Broadband India Forum","y","No single accepted definition of AI"
"27","i. ETSI20 defines AI as “a computerised system that uses cognition to understand information and solve problems”. ii. ISO/IEC 2382-28 [i.7]21 defines AI as ""an interdisciplinary field, usually regarded as a branch of computer science, dealing with models and systems for the performance of functions generally associated with human intelligence, such as reasoning and learning"". iii. NITI Aayog in its report on the National AI Strategy defines AI as a constellation of technologies that enables machines to act with higher levels of intelligence and emulate the human capabilities of sense, comprehend and act while acknowledging the largely accepted definition of AI outlined by scientists such as John McCarthy, Alan Turing, and Marvin Minsky.","Broadband India Forum","y","No single accepted definition of AI"
"28","Opportunities for Telecom Sector The evolution of AI is creating new opportunities in new market sectors and developments are continuing to drive both service demand and development of new telecom applications. Some of the use cases of AI in telecom sector are:","Broadband India Forum","y","AI use cases and opportunities in telecom"
"29"," AI Ops for network optimization and operation  Intelligent NFV operation and maintenance platform  Intelligent data center  Intelligent Quality Inspection System  Disaggregated Network Operating System (dNOS)  AI platform for network faults automatic prediction, selfhealing and illegal access prevention  UAV for cell tower inspections  Centralized-SON  Self-driving network with self-configuration, self-monitoring and self-diagnosis function  Application to find the best available Internet connection  Expansion of the fiber optic network using AI Service  Smart home platform •  Intelligent online customer service bot •  Smart home automation system •  End-to-end service Digital Customer Experience (CX)  Smart home service  Intelligent assistant  Smart notification platform Industries  Smart government platform  Smart police product  Smart vehicle terminal •  Medical image cloud  “Super-brain” plan for smart city  Smart city •  Smart glasses and medical platform for people with poor vision •  Smart retail, energy and city business •  Smart transportation service and virtual tour service •  Radio Positioning System (RPS) for UAVs •  Smart agriculture solu","Broadband India Forum","y","AI use cases and opportunities in telecom"
"30","a) Enhancing Overall Quality of Service (QoS) b) Adoption of AI and BD in telecom network may play a key role in meeting these demands of users. Leveraging these technologies would enable telecom operators to  optimise network quality with smarter detection and anomaly prediction, assisted capacity planning, and self-optimization to respond to changing conditions.  Adoption of AI will ensure more reliable services by using historical data and sophisticated algorithms for predictive maintenance. For example, AI may be used in network to manage real time traffic. At initial stage, AI may predominately focus on training and serving the predictions based on static model. This initial training of model will be done on offline data using supervised learning. At later stage, the reinforcement learning paradigm may be used in real time environment where model will interact with real-time data, perform continuous simulations and take necessary actions that impact the real time provisioning of the service. With the passage of time, the AI model based on historical data, can choose any action as a function of the history, and finally optimise the system parameters with the most recent real-","Broadband India Forum","y","AI for network quality and predictive maintenance"
"31","(i) Wireless spectrum has been managed and utilised over many decades through a complex regulatory framework and policies. These policies are mostly suitable for allocation of fixed frequency bands for a particular type of services and they are often suboptimal and rigid, preventing efficient use of wireless spectrum. The manual process of assessing spectrum needs may be problematic due to the growing level of interdependencies in the spectrum domain. Manual allocation of spectrum so far has yielded satisfactory results but as the number of services using spectrum as resources are increasing exponentially, the demand for spectrum is also increasing exponentially. Further, technology advancements in radio systems, be it back haul and/or access has made spectrum usage more efficient across various bands through software-controlled Radio Frequency (RF) devices. (ii) 5G Services which has varied applications in various frequency bands will be highly reliant on intelligent spectrum management techniques, and therefore will require a dynamic network environment for a high reliability and high quality-of-experience. In this context, use of AI and ML is expected to play a very important ro","Broadband India Forum","y","AI for dynamic spectrum management"
"32","Some of the common challenges that most companies face when trying to implement Artificial Intelligence, include (a) limited AI expertise and knowledge, access to quality data, and AI specific infrastructure. (b) Considering the inherent advantages associated with AI, in order to address the challenges related to trust, new terminologies such as Trustworthy AI, Responsible AI, Explainable AI are being coined by various organisations and nations. Some use these terms to build AI systems following defined principles. (c) AI for Good (ITU), which aims to bring forward Artificial Intelligence research that contributes towards more global problems through the Sustainable Development Goals. AI, which may be responsible for the fourth industrial revolution, should be used responsibly dealing with the larger problems of humanity as a whole. (d) Responsible AI (RAI): The impetus behind responsible AI is to design, develop and deploy AI with good intentions and to have a positive impact on society. This term “Responsible” has been used by many, for example, Google defined principles such as fairness, interoperability, security, and privacy. Microsoft put responsible AI principles into practi","Broadband India Forum","y","Barriers to AI adoption: skills, data and infrastructure"
"33","Q.2. Whether the big data in the telecom sector may be utilised for developing AI models? For efficient and effective handling of big data, whether there is a need for adoption of special programming models or software frameworks? Please justify your response with suitable examples and global practices, if any.","Broadband India Forum","n",""
"34","Yes-Big data should be utilised for developing AI Models. Augmented AI is about leveraging AI for enhancing /augmenting human capabilities to process and analyse huge amounts of data, underlying patterns in Big Data. Big Data plays a key role in supporting decision making which further contributes to AI.","Broadband India Forum","y","Big data as the foundation for AI models"
"35","With the increased availability and use of data, decisions are increasingly being facilitated or sometimes even completely taken over by using predictive modelling methods, often referred to as the use of algorithms. Using data to predict incidents or behaviour is a major part of developments related to AI. Using AI for BD is a logical step for companies looking to maximise the potential of big data. AI systems use data-driven algorithms and statistical models to analyse and find patterns in data. This is different from traditional rules-based approaches that follow explicit instructions. Big data provides raw material by which AI systems can derive insights. Many organisations are now realising the benefit of combining Big Data and AI.","Broadband India Forum","y","Big data as the foundation for AI models"
"36","Following are the examples of how adoption of AI for BD benefits the organisations. i. Netflix uses ML algorithms for better understanding the users, and providing more personalised recommendations. This keeps the user on their platform for longer period and creates an overall positive customer experience. ii. Google uses ML to provide users with a highly valuable and personalised experience. They are using ML in a variety of products including providing predictive text in emails and optimised directions for users looking to get to a designated location. iii. Starbucks is using big data, AI to provide personalised emails using data from customers' past purchases. Rather than crafting only a few dozen emails on a monthly basis with offers for the broad Starbucks audience, Starbucks is using its ""digital flywheel"" with AI-enabled capabilities to generate over 400,000 personalised weekly emails featuring different promotions and offers. iv. Topic Data is a Facebook technology that displays to marketers the responses of the audience about brands, events, activities, and subjects in a way that keeps their personal information private. Marketers use the information from topic data to sel","Broadband India Forum","y","Big data as the foundation for AI models"
"37","Terms such as artificial intelligence (AI) and big data have come up to describe the explosion of data that has taken place along with the new technologies that have evolved and have helped in sorting through this data and deriving value from combining and analyzing large data sets.","COAI","n",""
"38","However, the concept of AI and Big Data and its use across various sectors of economies, including Telecommunications, is still at a very nascent stage. It is important to be mindful of the fact that AI is not a telecom service or a connectivity solution, rather a wider ICT technology that is emerging as an IT capability that can be customized over a period of time to solve a lot of today’s problems.","COAI","y","Regulatory restraint: leave AI adoption to the market"
"39","Given that its exploration and use is still at a nascent stage and will be very much driven by how the wider IT and computing capabilities of organizations develop, any specific regulatory intervention/ mandate / regulation around its deployment in telecom networks or services will constrain not only its development but the adoption of it as well.","COAI","y","Regulatory restraint: leave AI adoption to the market"
"40","We are of the considered view that the regulator should leave the emergence, deployment and adoption of AI and Big Data in the telecom sector to the market players for now, as each player will have a different set of techno-commercial considerations and solutions to look at based on their own networks and service needs.","COAI","y","Regulatory restraint: leave AI adoption to the market"
